Submitted at,[voter] Nickname (optional),[tasted] Which did you taste?,[top1] Your #1,[top2] Your #2,[top3] Your #3,[buy_top1] Would you buy your #1 at shelf price?,[why_top1] Why #1?,[walkpast] One you'd walk past,[why_walkpast] Why walk past?,[mission] You'd buy this on a...,[segments] Tick any that fit you,[tipi_1] TIPI 1,[tipi_2] TIPI 2,[tipi_3] TIPI 3,[tipi_4] TIPI 4,[tipi_5] TIPI 5,[tipi_6] TIPI 6,[tipi_7] TIPI 7,[tipi_8] TIPI 8,[tipi_9] TIPI 9,[tipi_10] TIPI 10
2026-10-03 14:00,demo0,"Brand P, Brand T, Brand M, Brand N, Brand W, Brand S, Brand O, Brand E, Brand L, Brand D",Brand W,Brand M,Brand L,Maybe,"Tasted best, Healthier / cleaner ingredients",Brand O,Claims feel gimmicky,Top-up,"I buy a meal deal most workdays, I avoid ultra-processed food / additives",,,,,,,,,,
2026-10-03 14:01,demo1,"Brand S, Brand Y, Brand D, Brand U, Brand G, Brand X, Brand I, Brand J, Brand W, Brand C, Brand H, Brand N, Brand K, Brand O",Brand G,Brand D,Brand O,"Yes, at shelf price","Tasted best, Healthier / cleaner ingredients",Brand S,Risky / might waste money,Top-up,I have kids at home,2,2,6,6,2,3,5,4,6,4
2026-10-03 14:02,demo2,"Brand M, Brand Y, Brand O, Brand Q, Brand X, Brand T, Brand R, Brand D",Brand D,Brand T,Brand M,Maybe,"Healthier / cleaner ingredients, Good value vs alternatives",Brand Q,Risky / might waste money,Top-up,"I buy a meal deal most workdays, Budget comes first",5,6,4,2,5,6,6,7,3,2
2026-10-03 14:03,demo3,"Brand X, Brand P, Brand A, Brand S, Brand B, Brand W, Brand L, Brand I, Brand O, Brand J",Brand B,Brand X,Brand L,"Yes, at shelf price","Healthier / cleaner ingredients, Fits how I'd use it",Brand S,Claims feel gimmicky,Treat,Budget comes first,7,4,3,4,3,7,5,7,7,2
2026-10-03 14:04,demo4,"Brand C, Brand K, Brand U, Brand G, Brand S, Brand O, Brand I, Brand H",Brand G,Brand K,Brand H,"Yes, at shelf price","Good value vs alternatives, Tasted best",Brand S,Tasted best,Meal deal,I buy a meal deal most workdays,3,5,4,6,4,5,4,7,5,4
2026-10-03 14:05,demo5,"Brand A, Brand P, Brand T, Brand Q, Brand N, Brand R, Brand H, Brand B, Brand O",Brand B,Brand H,Brand P,"Yes, at shelf price","Healthier / cleaner ingredients, I trust it",Brand Q,Too expensive for what it is,Gym,"I have kids at home, I avoid ultra-processed food / additives",7,6,3,5,6,2,2,5,7,2
2026-10-03 14:06,demo6,"Brand N, Brand B, Brand T, Brand D, Brand K, Brand E, Brand I, Brand R, Brand P, Brand X, Brand F, Brand V, Brand Y, Brand Q",Brand K,Brand D,Brand B,"Yes, at shelf price","New / different, want to try, Good value vs alternatives",Brand X,Risky / might waste money,Meal deal,"I have kids at home, I track protein / gym",2,2,3,2,2,2,2,5,2,7
2026-10-03 14:07,demo7,"Brand C, Brand L, Brand M, Brand U, Brand W, Brand S, Brand J, Brand X, Brand I, Brand G, Brand F",Brand M,Brand J,Brand G,"Yes, at shelf price","New / different, want to try, Tasted best",Brand S,Tasted best,Meal deal,"I have kids at home, Budget comes first",7,4,5,7,5,5,2,3,3,6
2026-10-03 14:08,demo8,"Brand E, Brand A, Brand K, Brand L, Brand R, Brand I, Brand D, Brand O, Brand S, Brand M, Brand W, Brand B",Brand B,Brand D,Brand M,"Yes, at shelf price","Tasted best, Good value vs alternatives",Brand S,Risky / might waste money,Gym,Budget comes first,,,,,,,,,,
2026-10-03 14:09,demo9,"Brand C, Brand B, Brand S, Brand Q, Brand V, Brand H, Brand D, Brand R, Brand W, Brand X",Brand H,Brand D,Brand W,Maybe,"Fits how I'd use it, New / different, want to try",Brand R,Tasted best,Meal deal,"Budget comes first, I buy a meal deal most workdays",2,5,6,3,5,7,3,5,7,6
2026-10-03 14:10,demo10,"Brand E, Brand F, Brand D, Brand P, Brand V, Brand Q, Brand O, Brand X, Brand Y, Brand I, Brand M, Brand W",Brand D,Brand W,Brand P,"No, not at that price","Good value vs alternatives, New / different, want to try",Brand Q,Claims feel gimmicky,Treat,"I have kids at home, Budget comes first",5,3,3,6,4,3,4,5,3,5
2026-10-03 14:11,demo11,"Brand A, Brand P, Brand C, Brand M, Brand B, Brand O, Brand H, Brand S, Brand W, Brand G, Brand N, Brand E, Brand D, Brand V",Brand G,Brand O,Brand D,"Yes, at shelf price","Fits how I'd use it, New / different, want to try",Brand S,Tasted best,Treat,Budget comes first,7,7,4,2,2,4,4,5,5,5
2026-10-03 14:12,demo12,"Brand R, Brand K, Brand D, Brand I, Brand C, Brand N, Brand W, Brand O",Brand K,Brand I,Brand W,Maybe,"New / different, want to try, I trust it",Brand N,Claims feel gimmicky,Meal deal,"I have kids at home, Budget comes first",6,6,2,7,5,6,4,2,7,4
2026-10-03 14:13,demo13,"Brand U, Brand O, Brand D, Brand W, Brand R, Brand E, Brand K, Brand N, Brand J, Brand F, Brand H",Brand K,Brand D,Brand H,"No, not at that price","Tasted best, Healthier / cleaner ingredients",Brand R,Tasted best,Weekly shop,I avoid ultra-processed food / additives,6,4,3,7,6,4,4,5,5,6
2026-10-03 14:14,demo14,"Brand I, Brand S, Brand D, Brand V, Brand W, Brand X, Brand U, Brand F",Brand D,Brand W,Brand I,"Yes, at shelf price","New / different, want to try, Healthier / cleaner ingredients",Brand S,Tasted best,Gym,I buy a meal deal most workdays,6,3,3,4,4,4,2,5,5,5
2026-10-03 14:15,demo15,"Brand V, Brand P, Brand A, Brand T, Brand G, Brand W, Brand D, Brand H, Brand X, Brand F",Brand G,Brand T,Brand D,Maybe,"Healthier / cleaner ingredients, Fits how I'd use it",Brand X,Risky / might waste money,Top-up,I avoid ultra-processed food / additives,2,6,2,2,4,6,3,6,2,5
2026-10-03 14:16,demo16,"Brand C, Brand T, Brand B, Brand Y, Brand K, Brand G, Brand V, Brand X",Brand G,Brand K,Brand B,"Yes, at shelf price","Good value vs alternatives, Tasted best",Brand C,Risky / might waste money,Top-up,"I track protein / gym, I have kids at home",5,3,7,5,4,2,5,5,7,5
2026-10-03 14:17,demo17,"Brand O, Brand Q, Brand L, Brand T, Brand M, Brand H, Brand A, Brand G, Brand I, Brand W, Brand C",Brand G,Brand O,Brand L,"Yes, at shelf price","Good value vs alternatives, Fits how I'd use it",Brand Q,Claims feel gimmicky,Meal deal,"I track protein / gym, Budget comes first",7,7,2,3,5,2,5,5,2,3
2026-10-03 14:18,demo18,"Brand T, Brand D, Brand L, Brand X, Brand Y, Brand B, Brand J, Brand I, Brand O, Brand S, Brand H",Brand T,Brand B,Brand J,"No, not at that price","Good value vs alternatives, Healthier / cleaner ingredients",Brand O,Tasted best,Top-up,I try new things I see on TikTok,3,6,2,5,2,3,7,6,4,3
2026-10-03 14:19,demo19,"Brand M, Brand J, Brand T, Brand U, Brand Y, Brand C",Brand M,Brand J,Brand U,Maybe,"I trust it, Healthier / cleaner ingredients",Brand C,Tasted best,Treat,"I avoid ultra-processed food / additives, I track protein / gym",,,,,,,,,,
2026-10-03 14:20,demo20,"Brand O, Brand W, Brand P, Brand L, Brand I, Brand F, Brand Q, Brand M, Brand X",Brand I,Brand F,Brand W,"Yes, at shelf price","Fits how I'd use it, Healthier / cleaner ingredients",Brand X,Risky / might waste money,Weekly shop,I buy a meal deal most workdays,,,,,,,,,,
2026-10-03 14:21,demo21,"Brand G, Brand M, Brand D, Brand K, Brand S, Brand J, Brand W",Brand J,Brand D,Brand K,"Yes, at shelf price","Healthier / cleaner ingredients, I trust it",Brand M,Claims feel gimmicky,Gym,I buy a meal deal most workdays,,,,,,,,,,
2026-10-03 14:22,demo22,"Brand N, Brand Q, Brand T, Brand K, Brand R, Brand G, Brand O, Brand F, Brand C, Brand B, Brand Y, Brand M, Brand P, Brand J",Brand K,Brand G,Brand J,Maybe,"Good value vs alternatives, I trust it",Brand C,Too expensive for what it is,Gym,"I have kids at home, Budget comes first",,,,,,,,,,
2026-10-03 14:23,demo23,"Brand O, Brand J, Brand U, Brand C, Brand K, Brand L",Brand J,Brand L,Brand U,"Yes, at shelf price","Fits how I'd use it, I trust it",Brand C,Claims feel gimmicky,Gym,I buy a meal deal most workdays,3,4,2,4,3,5,5,2,4,3
2026-10-03 14:24,demo24,"Brand W, Brand R, Brand N, Brand L, Brand G, Brand T, Brand Y, Brand P, Brand S, Brand X, Brand J, Brand A, Brand E",Brand G,Brand Y,Brand T,"Yes, at shelf price","I trust it, Good value vs alternatives",Brand R,Risky / might waste money,Treat,"I avoid ultra-processed food / additives, I have kids at home",5,5,2,3,3,5,7,4,5,7
2026-10-03 14:25,demo25,"Brand Q, Brand R, Brand H, Brand L, Brand J, Brand U, Brand A, Brand O, Brand V, Brand Y, Brand M, Brand N, Brand E",Brand Y,Brand O,Brand J,"Yes, at shelf price","I trust it, Good value vs alternatives",Brand H,Tasted best,Top-up,"I buy a meal deal most workdays, I have kids at home",3,2,4,5,4,2,6,6,2,5
2026-10-03 14:26,demo26,"Brand B, Brand A, Brand N, Brand Y, Brand U, Brand F, Brand S, Brand H, Brand E, Brand W, Brand I",Brand B,Brand U,Brand H,"Yes, at shelf price","Healthier / cleaner ingredients, Good value vs alternatives",Brand E,Risky / might waste money,Gym,"Budget comes first, I buy a meal deal most workdays",4,3,2,7,3,6,2,5,4,5
2026-10-03 14:27,demo27,"Brand S, Brand K, Brand E, Brand Q, Brand B, Brand N, Brand P, Brand H",Brand K,Brand B,Brand H,Maybe,"Good value vs alternatives, Healthier / cleaner ingredients",Brand S,Too expensive for what it is,Top-up,"I have kids at home, I track protein / gym",4,2,6,5,7,5,3,4,4,3
2026-10-03 14:28,demo28,"Brand B, Brand K, Brand X, Brand T, Brand M, Brand R, Brand J, Brand Y, Brand E",Brand B,Brand T,Brand K,"No, not at that price","Healthier / cleaner ingredients, Tasted best",Brand X,Tasted best,Top-up,I try new things I see on TikTok,,,,,,,,,,
2026-10-03 14:29,demo29,"Brand O, Brand I, Brand J, Brand R, Brand V, Brand B, Brand F, Brand H, Brand P, Brand S, Brand C, Brand Y, Brand L",Brand I,Brand B,Brand L,"No, not at that price","New / different, want to try, Tasted best",Brand R,Claims feel gimmicky,Weekly shop,"I have kids at home, I track protein / gym",2,4,2,3,2,3,4,3,5,4
2026-10-03 14:30,demo30,"Brand E, Brand P, Brand H, Brand C, Brand L, Brand R, Brand X, Brand D, Brand K, Brand S, Brand A",Brand K,Brand D,Brand A,"No, not at that price","Tasted best, New / different, want to try",Brand S,Too expensive for what it is,Meal deal,"I try new things I see on TikTok, I avoid ultra-processed food / additives",3,4,4,3,3,2,6,2,5,6
2026-10-03 14:31,demo31,"Brand M, Brand S, Brand V, Brand L, Brand Q, Brand I, Brand C",Brand L,Brand I,Brand M,Maybe,"Healthier / cleaner ingredients, Fits how I'd use it",Brand C,Risky / might waste money,Top-up,"I try new things I see on TikTok, I buy a meal deal most workdays",,,,,,,,,,
2026-10-03 14:32,demo32,"Brand F, Brand D, Brand T, Brand Q, Brand H, Brand K, Brand U, Brand J, Brand N, Brand I",Brand K,Brand I,Brand D,"Yes, at shelf price","Tasted best, Healthier / cleaner ingredients",Brand Q,Claims feel gimmicky,Weekly shop,"I have kids at home, I avoid ultra-processed food / additives",,,,,,,,,,
2026-10-03 14:33,demo33,"Brand P, Brand D, Brand N, Brand M, Brand R, Brand L, Brand A, Brand J, Brand T, Brand Q, Brand G, Brand H, Brand F, Brand K",Brand G,Brand J,Brand K,"No, not at that price","I trust it, Good value vs alternatives",Brand R,Risky / might waste money,Gym,"I try new things I see on TikTok, Budget comes first",,,,,,,,,,
2026-10-03 14:34,demo34,"Brand Q, Brand M, Brand H, Brand P, Brand E, Brand J, Brand T",Brand E,Brand T,Brand P,"Yes, at shelf price","Healthier / cleaner ingredients, I trust it",Brand Q,Tasted best,Meal deal,"I have kids at home, I track protein / gym",,,,,,,,,,
2026-10-03 14:35,demo35,"Brand U, Brand N, Brand S, Brand Y, Brand J, Brand X, Brand V, Brand D, Brand C, Brand Q, Brand H, Brand M, Brand L, Brand F",Brand J,Brand D,Brand M,Maybe,"New / different, want to try, I trust it",Brand S,Claims feel gimmicky,Gym,I buy a meal deal most workdays,6,2,3,3,5,6,5,4,4,5
2026-10-03 14:36,demo36,"Brand K, Brand S, Brand E, Brand X, Brand R, Brand L, Brand Q, Brand T, Brand Y, Brand G",Brand G,Brand E,Brand T,"Yes, at shelf price","I trust it, Fits how I'd use it",Brand R,Risky / might waste money,Top-up,"I avoid ultra-processed food / additives, Budget comes first",2,4,5,3,5,7,7,2,3,5
2026-10-03 14:37,demo37,"Brand I, Brand B, Brand W, Brand K, Brand D, Brand G, Brand H, Brand J, Brand O, Brand F, Brand R",Brand K,Brand G,Brand B,"No, not at that price","Good value vs alternatives, Tasted best",Brand R,Claims feel gimmicky,Top-up,"I have kids at home, I try new things I see on TikTok",,,,,,,,,,
2026-10-03 14:38,demo38,"Brand N, Brand V, Brand P, Brand H, Brand M, Brand Q, Brand W, Brand L, Brand U, Brand S, Brand T, Brand C, Brand B, Brand R",Brand B,Brand T,Brand M,Maybe,"Healthier / cleaner ingredients, New / different, want to try",Brand R,Risky / might waste money,Gym,I try new things I see on TikTok,,,,,,,,,,
2026-10-03 14:39,demo39,"Brand N, Brand X, Brand U, Brand J, Brand A, Brand Y, Brand R, Brand L, Brand T, Brand P, Brand F",Brand J,Brand N,Brand Y,Maybe,"Healthier / cleaner ingredients, Tasted best",Brand X,Too expensive for what it is,Gym,"I track protein / gym, I avoid ultra-processed food / additives",,,,,,,,,,
2026-10-03 14:40,demo40,"Brand W, Brand G, Brand F, Brand Q, Brand Y, Brand D, Brand T, Brand R, Brand S, Brand M, Brand N, Brand I, Brand O",Brand G,Brand D,Brand M,"No, not at that price","Healthier / cleaner ingredients, Tasted best",Brand S,Risky / might waste money,Meal deal,I try new things I see on TikTok,4,4,7,4,2,2,7,3,2,3
2026-10-03 14:41,demo41,"Brand B, Brand V, Brand P, Brand I, Brand Q, Brand E, Brand L, Brand O",Brand B,Brand E,Brand V,Maybe,"Healthier / cleaner ingredients, Tasted best",Brand Q,Risky / might waste money,Meal deal,"I avoid ultra-processed food / additives, I have kids at home",5,7,2,3,3,6,7,3,7,7
2026-10-03 14:42,demo42,"Brand F, Brand G, Brand C, Brand P, Brand N, Brand J, Brand E",Brand G,Brand J,Brand E,Maybe,"Healthier / cleaner ingredients, I trust it",Brand N,Too expensive for what it is,Weekly shop,I try new things I see on TikTok,2,7,2,7,6,5,7,5,6,7
2026-10-03 14:43,demo43,"Brand V, Brand W, Brand N, Brand F, Brand A, Brand B, Brand K, Brand Q, Brand S, Brand L",Brand B,Brand W,Brand K,"Yes, at shelf price","Tasted best, Good value vs alternatives",Brand S,Too expensive for what it is,Gym,"I avoid ultra-processed food / additives, I try new things I see on TikTok",5,2,5,4,6,2,6,7,6,3
2026-10-03 14:44,demo44,"Brand H, Brand G, Brand O, Brand S, Brand Q, Brand I, Brand M, Brand X, Brand U, Brand N, Brand K",Brand G,Brand K,Brand I,Maybe,"Tasted best, New / different, want to try",Brand S,Tasted best,Weekly shop,"I buy a meal deal most workdays, Budget comes first",5,2,5,3,7,5,2,2,2,5
2026-10-03 14:45,demo45,"Brand L, Brand V, Brand J, Brand W, Brand P, Brand U",Brand U,Brand J,Brand W,"Yes, at shelf price","Tasted best, I trust it",Brand V,Tasted best,Gym,I have kids at home,,,,,,,,,,
2026-10-03 14:46,demo46,"Brand E, Brand U, Brand F, Brand C, Brand J, Brand Q, Brand T, Brand A, Brand P, Brand V, Brand W, Brand K, Brand H, Brand B",Brand E,Brand A,Brand B,Maybe,"New / different, want to try, Tasted best",Brand Q,Claims feel gimmicky,Gym,"I track protein / gym, I try new things I see on TikTok",,,,,,,,,,
2026-10-03 14:47,demo47,"Brand T, Brand M, Brand H, Brand X, Brand F, Brand K",Brand K,Brand M,Brand T,"Yes, at shelf price","Good value vs alternatives, Healthier / cleaner ingredients",Brand X,Tasted best,Top-up,"I track protein / gym, I try new things I see on TikTok",,,,,,,,,,
2026-10-03 14:48,demo48,"Brand H, Brand E, Brand Y, Brand G, Brand T, Brand A, Brand N, Brand D, Brand M, Brand P, Brand W, Brand V, Brand I, Brand Q",Brand D,Brand G,Brand V,"No, not at that price","Good value vs alternatives, Fits how I'd use it",Brand Q,Risky / might waste money,Treat,I have kids at home,3,4,6,3,5,5,3,3,3,7
2026-10-03 14:49,demo49,"Brand A, Brand I, Brand R, Brand Y, Brand S, Brand K, Brand T, Brand W, Brand M, Brand G, Brand B, Brand E, Brand D, Brand O",Brand D,Brand G,Brand M,"No, not at that price","Tasted best, Healthier / cleaner ingredients",Brand S,Risky / might waste money,Meal deal,I avoid ultra-processed food / additives,,,,,,,,,,
